{"rmse":1.0089212651486934,"loss":NaN,"r2":-0.03658511378769158,"_timestamp":1.7287268763398852e+09,"_step":2499,"_runtime":2.2511187,"epoch":499,"_wandb":{"runtime":2},"mse":1.01792211926924}