{"_runtime":3.8077611,"val loss":13.64898155328443,"train mse":0.7367523372171012,"val r2":-1.985248527467351,"epoch":99,"train rmse":0.8583427853818667,"_wandb":{"runtime":3},"train loss":13.812759441017752,"_step":899,"_timestamp":1.7288173832911541e+09,"val rmse":0.860316373788407,"train r2":-2.3126922788657427,"val mse":0.7401442630084341}