{"mse":0.7602357863058158,"_timestamp":1.7287365702359314e+09,"epoch":499,"_step":2499,"r2":0.2384843429575234,"rmse":0.8719150109419013,"_wandb":{"runtime":3856},"_runtime":3856.6775968,"loss":0.39847553260186575}