{"rmse":1.0094762059236775,"loss":0.7177614200880131,"r2":-0.0851620124194441,"_wandb":{"runtime":28},"_timestamp":1.7287283931773858e+09,"_runtime":28.8900008,"_step":2499,"epoch":499,"mse":1.0190422103260628}