{"_timestamp":1.7287268535217109e+09,"_step":4999,"_runtime":38.7851187,"epoch":999,"mse":0.25702380844610945,"rmse":0.5069751556497709,"r2":0.7382638134285533,"_wandb":{"runtime":38},"loss":0.25702380844610945}