{"val loss":0.8861522160375849,"val mse":1.3679587792003984,"_runtime":4.3829979,"train loss":0.6710684701803088,"val rmse":1.1695976997243105,"_wandb":{"runtime":4},"train rmse":0.9440191076565908,"train r2":0.08726420359712062,"_timestamp":1.7287636759329007e+09,"train mse":0.891172075620746,"val r2":-0.02836050529279399,"epoch":999,"_step":8999}