{"val mse":5.806745037738831,"epoch":499,"train mse":4.304593031832869,"val r2":-3.3652099404676186,"train r2":-3.408751414662028,"_timestamp":1.728763791789549e+09,"val rmse":2.4097188711007,"train loss":1.719811553628694,"_runtime":1.8305381,"_wandb":{"runtime":1},"_step":4499,"val loss":2.1281221076521697,"train rmse":2.0747513180699197}