{"val precision":0.3135216331937643,"train recall":0.3254934422087936,"val f1_score":0.3079362011590304,"train f1_score":0.35901412184981774,"epoch":49,"train loss":-0.8274734464268436,"_wandb":{"runtime":7},"val recall":0.3025462962962963,"_timestamp":1.7287556564993844e+09,"_runtime":7.9630352,"_step":549,"val accuracy":0.6403508771929824,"train accuracy":0.6553610503282276,"train precision":0.4002316561817678,"val loss":-0.9539100930761594}