{"train f1_score":0.288273402712466,"val accuracy":0.5614035087719298,"_runtime":11.2567757,"val loss":-0.9719895996913241,"train precision":0.2895098034662917,"val precision":0.25013686699017046,"val f1_score":0.2530568208523319,"epoch":99,"train loss":-0.9286364820614732,"train accuracy":0.6094091903719913,"_step":1099,"val recall":0.25604575163398696,"train recall":0.28704751756848734,"_timestamp":1.7287460141368597e+09,"_wandb":{"runtime":11}}