{"train f1_score":NaN,"val soft accuracy":0.05415162454873646,"_wandb":{"runtime":12},"val hard accuracy":0.01,"val CE loss":0.9458316381446926,"val precision":NaN,"epoch":999,"val f1_score":NaN,"train recall":0.0625,"val recall":0.05357142857142857,"_runtime":12.8440432,"CE loss":0.9644227031078887,"val HammingLoss":0.36875,"_timestamp":1.7287573476579382e+09,"_step":14999,"train precision":NaN,"train hard accuracy":0.01375,"train soft accuracy":0.05997273966378919,"train HammingLoss":0.3596875}