{"_wandb":{"runtime":62},"train recall":0.9289954107789581,"val accuracy":0.631578947368421,"_runtime":62.7601826,"val f1_score":0.29063222430195346,"train loss":-0.09946711813525796,"train f1_score":0.9441379019004197,"_timestamp":1.7287509033511548e+09,"epoch":499,"train accuracy":0.975929978118162,"val precision":0.30114942528735633,"_step":5499,"val loss":-2.0029311232857587,"train precision":0.9597822134624167,"val recall":0.28082482993197283}