{"_timestamp":1.7287271857065303e+09,"rmse":NaN,"_runtime":48.6894152,"loss":NaN,"_step":4999,"_wandb":{"runtime":48},"mse":NaN,"r2":NaN,"epoch":999}