{"_step":549,"_wandb":{"runtime":4},"val loss":-1.542914340594199,"epoch":49,"train precision":0.27215710215710215,"val accuracy":0.4649122807017544,"val precision":0.15696816360952984,"train loss":-1.5388149735178451,"_runtime":4.7781382,"_timestamp":1.7287556214132283e+09,"train f1_score":0.23203764541372304,"val f1_score":0.17183590176623742,"train recall":0.2022268126352751,"val recall":0.1898148148148148,"train accuracy":0.48468271334792123}