{"epoch":499,"_step":2499,"_runtime":3686.3057899,"mse":0.6252889672205383,"rmse":0.7907521528396482,"r2":0.37365834746061943,"_wandb":{"runtime":3686},"loss":0.36767531227016975,"_timestamp":1.728744421981329e+09}