{"epoch":499,"_step":4499,"train r2":0.013196833968355914,"train rmse":0.981575048708377,"train mse":0.9634895762468527,"train loss":0.67256346943227,"val rmse":1.1947829935284149,"val r2":-0.07312532132113492,"_wandb":{"runtime":3},"_runtime":3.5935402,"val loss":0.901228670541777,"val mse":1.42750640162472,"_timestamp":1.7287638476859612e+09}