{"_runtime":28.4906876,"r2":-0.03530236032045142,"loss":0.6830579762223138,"_timestamp":1.7287283506081126e+09,"_step":2499,"rmse":0.986012447839113,"_wandb":{"runtime":28},"mse":0.9722205472936795,"epoch":499}