{"_wandb":{"runtime":91},"_timestamp":1.7287610145538244e+09,"val HammingLoss":0.53375,"train precision":0.3361660663012662,"train hard accuracy":0.00375,"_step":14999,"_runtime":91.625485,"val CE loss":0.6916073190718456,"val precision":0.3088324475495037,"CE loss":0.6961985968696454,"train HammingLoss":0.51671875,"val hard accuracy":0,"val recall":0.48990644403459116,"val f1_score":0.37884472078582215,"train recall":0.5164504376942607,"train soft accuracy":0.5200902934537246,"val soft accuracy":0.4795539033457249,"epoch":999,"train f1_score":0.4072478336172522}