{"rmse":0.739176667791249,"_runtime":51.5178487,"r2":0.4181662512897272,"epoch":999,"_wandb":{"runtime":51},"_timestamp":1.7287285018663037e+09,"mse":0.5463821462069745,"loss":0.512452749116448,"_step":4999}