{"precision":0.29629720212090843,"_wandb":{"runtime":73},"recall":0.2873833881569146,"f1_score":0.29177223044675954,"_timestamp":1.7286590953469355e+09,"_step":5999,"_runtime":73.1113305,"loss":-0.8954130217889907,"accuracy":0.6214442013129103,"epoch":999}