{"train f1_score":0.2873258854882026,"_timestamp":1.7287496592162514e+09,"train precision":0.29301263715362685,"val f1_score":0.24859187065117638,"train accuracy":0.6039387308533917,"_runtime":14.6872085,"train loss":-0.9516320061432083,"_wandb":{"runtime":14},"epoch":99,"val precision":0.24706110514381194,"train recall":0.28185566687048275,"_step":1099,"val recall":0.25014172335600904,"val loss":-0.8212038750644347,"val accuracy":0.5964912280701754}