{"_runtime":3.1927276,"epoch":49,"_wandb":{"runtime":3},"recall":0.289782230207396,"accuracy":0.62472647702407,"f1_score":0.29457491076741676,"_timestamp":1.7286588199246225e+09,"loss":-0.9048262695942018,"precision":0.29952878872557936,"_step":299}