{"epoch":9,"_step":59,"accuracy":0.605424321959755,"precision":0.28799315232304923,"recall":0.28274623926797837,"_timestamp":1.7282092228121595e+09,"_wandb":{"runtime":1},"_runtime":1.8098535,"f1_score":0.28534557787320713,"loss":-0.14596068860739184}