{"_wandb":{"runtime":130},"val recall":0.3028628117913832,"train recall":0.4085817761562082,"val loss":-1.042796839197541,"train f1_score":0.4922566353560291,"_runtime":130.3294028,"_step":10999,"train loss":-0.65963652750508,"epoch":999,"train accuracy":0.7286652078774617,"val f1_score":0.2981319320396682,"train precision":0.619029881796708,"_timestamp":1.7287503515582452e+09,"val accuracy":0.6228070175438597,"val precision":0.2935465768799102}