{"_runtime":2.1538994,"_timestamp":1.728728125477424e+09,"rmse":0.8832937714270571,"epoch":99,"mse":0.7802078866418342,"r2":0.16916890017453623,"_step":499,"loss":0.7802078866418342,"_wandb":{"runtime":2}}