{"_wandb":{"runtime":14},"rmse":0.903789408461294,"_timestamp":1.7287282245085428e+09,"mse":0.8168352948468157,"r2":0.13016494960735758,"_runtime":14.2914136,"_step":2499,"loss":0.5818528343928994,"epoch":499}