{"_wandb":{"runtime":192},"mse":1.1088646575702048,"rmse":1.053026427764377,"_timestamp":1.7287417498692997e+09,"r2":-0.11073145133564632,"epoch":499,"_runtime":192.9716588,"loss":0.6335320742982665,"_step":2499}