{"_wandb":{"runtime":9},"val recall":0.3215277777777778,"train accuracy":0.75054704595186,"train precision":0.6898804434258973,"val precision":0.30156641604010026,"train f1_score":0.6007233290593664,"train loss":-0.566910985476413,"_step":549,"train recall":0.53197342346642,"_runtime":9.1510389,"_timestamp":1.728755673540342e+09,"val accuracy":0.631578947368421,"epoch":49,"val loss":-1.2606199825420126,"val f1_score":0.31122735715981625}