{"r2":0.9941382081788958,"epoch":999,"_timestamp":1.7287280107374935e+09,"loss":0.005504628088234687,"mse":0.005504628088234687,"_wandb":{"runtime":31},"_step":4999,"rmse":0.07419318087421975,"_runtime":31.6134686}