{"rmse":1.1513022633923529,"r2":-0.41150079037057363,"_step":2499,"mse":1.3254969016923548,"loss":0.8568704621579227,"_wandb":{"runtime":1},"_runtime":1.5409842999999999,"_timestamp":1.7287280294798071e+09,"epoch":499}