{"train f1_score":0.9900598635285126,"train recall":0.9862167707024487,"val precision":0.3383028792912514,"_timestamp":1.7287509915151184e+09,"train loss":-0.03480436340569948,"val f1_score":0.32626320092912403,"train precision":0.9939330250805661,"_runtime":81.2836133,"val loss":-4.527966895229074,"train accuracy":0.9846827133479212,"epoch":499,"_step":5499,"val accuracy":0.6754385964912281,"_wandb":{"runtime":81},"val recall":0.3150510204081633}