{"_wandb":{"runtime":1},"train HammingLoss":0.420625,"val precision":NaN,"val hard accuracy":0.02,"val f1_score":NaN,"train recall":0.25764388489208634,"val soft accuracy":0.2779783393501805,"epoch":99,"_timestamp":1.7287573300624242e+09,"train precision":NaN,"train f1_score":NaN,"_runtime":1.5630157,"CE loss":0.9368541583745741,"_step":1499,"train hard accuracy":0.015,"val HammingLoss":0.41125,"val CE loss":0.9323335434390403,"val recall":0.2620967741935484,"train soft accuracy":0.2644252612448887}