{"rmse":0.4760381780535774,"loss":0.27013406401138484,"epoch":499,"_timestamp":1.7287284432142954e+09,"_runtime":40.7795222,"_step":2499,"mse":0.22661234696456947,"r2":0.7586840780692672,"_wandb":{"runtime":40}}