{"r2":-4.640787030902946,"rmse":2.3015406360217683,"loss":5.297089299259486,"mse":5.297089299259486,"epoch":49,"_wandb":{"runtime":1},"_step":249,"_runtime":1.6089683,"_timestamp":1.7287281144434006e+09}