{"_runtime":2.1492812,"_step":2499,"epoch":499,"loss":NaN,"r2":-1.8955782911646142,"_timestamp":1.728726567274928e+09,"mse":2.843445416539115,"_wandb":{"runtime":2},"rmse":1.686251884072814}