{"train loss":-0.8949322142759161,"val accuracy":0.5877192982456141,"_timestamp":1.7287552188757255e+09,"train accuracy":0.6225382932166302,"_step":549,"train recall":0.33699763921677545,"epoch":49,"val recall":0.26634556261529,"_wandb":{"runtime":4},"_runtime":4.3259276,"train precision":0.5503395217762683,"val loss":-1.0478243372796936,"val precision":0.27380952380952384,"val f1_score":0.270025974025974,"train f1_score":0.41802175713848083}