{"epoch":499,"_timestamp":1.7287269956410372e+09,"mse":0.014225520599359847,"r2":0.9855136629708345,"_wandb":{"runtime":30},"_runtime":30.5749712,"rmse":0.11927078686484736,"loss":0.014225520599359847,"_step":2499}