{"_wandb":{"runtime":1},"precision":0.1752655962196145,"epoch":99,"_runtime":1.7836560000000001,"_timestamp":1.7286589098382018e+09,"_step":599,"f1_score":0.14359249992443457,"accuracy":0.2111597374179431,"recall":0.12161488412864961,"loss":-1.9917953380714206}