{"_timestamp":1.7287496807887347e+09,"train recall":0.15847247699230202,"_runtime":4.7003938,"val recall":0.15653344671201816,"train precision":0.15544362988277663,"train accuracy":0.38183807439824946,"epoch":49,"val precision":0.1642384902031494,"val accuracy":0.37719298245614036,"_wandb":{"runtime":4},"val f1_score":0.1602934296654264,"train f1_score":0.1569434413889506,"_step":549,"val loss":-1.381983900276298,"train loss":-1.5338267937446761}