{"val mse":0.7774549615622204,"val rmse":0.8817340651025231,"train rmse":0.871689962932159,"val loss":15.929859380431637,"val r2":-2.2691705440442584,"_runtime":7.6216292,"train loss":15.188158342876022,"_timestamp":1.7288173119981134e+09,"epoch":49,"train r2":-2.3612353235372443,"_wandb":{"runtime":7},"train mse":0.7598433914766687,"_step":449}