{"val soft accuracy":0.01858736059479554,"epoch":99,"val recall":0.01524390243902439,"train recall":0.008867220501267249,"val hard accuracy":0,"train CE loss":0.7952168900739705,"val f1_score":NaN,"train f1_score":NaN,"_timestamp":1.7287606866134849e+09,"train precision":NaN,"_wandb":{"runtime":5},"train hard accuracy":0.00125,"_runtime":5.7991829,"val HammingLoss":0.335,"val precision":NaN,"_step":1499,"train soft accuracy":0.008577878103837472,"train HammingLoss":0.35171875,"val CE loss":0.7705237941845939}