{"_runtime":165.8163524,"recall":0.7842882918803817,"f1_score":0.6408793563202941,"soft accuracy":0.7854545454545454,"epoch":999,"_timestamp":1.7286972151182313e+09,"HammingLoss":0.30484375,"hard accuracy":0.05375,"precision":0.5418084271488202,"CE loss":0.5110320845180607,"_step":7999,"_wandb":{"runtime":165}}