{"_step":1099,"train precision":0.22728193792023577,"train loss":-1.2711772827913,"val recall":0.20138888888888887,"train accuracy":0.5098468271334792,"train f1_score":0.21870641950033415,"val accuracy":0.47368421052631576,"val loss":-1.318250684816021,"val precision":0.3226903664691683,"epoch":99,"train recall":0.21075449396836754,"_timestamp":1.7287459325828447e+09,"_runtime":5.1955346,"val f1_score":0.24800162835666825,"_wandb":{"runtime":5}}