{"_runtime":5.1448945,"_step":899,"val loss":13.38602718384511,"_timestamp":1.7288174869172854e+09,"val mse":0.6846316924163456,"train rmse":0.8563170705501015,"train loss":13.997696849243896,"val rmse":0.8274247351973142,"epoch":99,"_wandb":{"runtime":5},"val r2":-1.8788519888911432,"train mse":0.7332789253155075,"train r2":-2.251011039575754}