{"epoch":999,"train f1_score":NaN,"train soft accuracy":0.2532731376975169,"_wandb":{"runtime":6},"val soft accuracy":0.24535315985130113,"val recall":0.25,"train precision":NaN,"val f1_score":NaN,"val CE loss":0.9077513367386425,"_step":14999,"train HammingLoss":0.42078125,"_runtime":6.5698561,"val hard accuracy":0,"val precision":NaN,"CE loss":0.8940765673498325,"_timestamp":1.728760779520199e+09,"val HammingLoss":0.42125,"train recall":0.25,"train hard accuracy":0.01125}