{"val loss":-0.9974465054242817,"_wandb":{"runtime":28},"val recall":0.25604575163398696,"_timestamp":1.7287462711462495e+09,"val f1_score":0.2514151036264066,"train accuracy":0.6225382932166302,"train f1_score":0.29796539941325717,"epoch":499,"_step":5499,"train precision":0.300281967707885,"val accuracy":0.5614035087719298,"val precision":0.2469489730128028,"train recall":0.29568430048166444,"_runtime":28.2042554,"train loss":-0.9043859218551401}