{"train accuracy":0.2549234135667396,"_timestamp":1.7287559961774948e+09,"val f1_score":0.07162534435261708,"_runtime":2.7978872,"train f1_score":0.13289896079544938,"train loss":-1.7886316809855558,"train recall":0.16985224279344402,"val accuracy":0.22807017543859648,"val recall":0.0984848484848485,"train precision":0.1091517578110638,"val loss":-1.79218461758038,"_wandb":{"runtime":2},"_step":549,"val precision":0.05627705627705628,"epoch":49}