{"epoch":999,"rmse":0.6561832237453566,"loss":0.4438944122330313,"mse":0.43057642312484873,"_step":4999,"_wandb":{"runtime":2},"_runtime":2.3772268,"r2":0.541485943286861,"_timestamp":1.7287279501224957e+09}