{"_runtime":1.6321791,"f1_score":0.43949484619735507,"_wandb":{"runtime":1},"accuracy":0.6342957130358705,"loss":-0.09901272306360732,"precision":0.5752749183141965,"recall":0.3555707577446708,"_step":49,"_timestamp":1.728209033403341e+09}