{"val accuracy":0.5701754385964912,"_wandb":{"runtime":110},"val precision":0.2628846616179829,"_step":10999,"_runtime":110.1799065,"train f1_score":0.28799036267843303,"val recall":0.2602124183006536,"val f1_score":0.26154171437701135,"train accuracy":0.612691466083151,"val loss":-0.9764281528638739,"train precision":0.2961182207756132,"epoch":999,"train recall":0.28029677198409114,"train loss":-0.930879804622713,"_timestamp":1.7287464559376476e+09}