{"accuracy":0.5700218818380745,"precision":0.2971310183000546,"loss":-1.2213472607376055,"_step":5999,"f1_score":0.267084132234121,"_wandb":{"runtime":6},"recall":0.24255605015960413,"_runtime":6.3580894,"epoch":999,"_timestamp":1.7286590176590433e+09}