{"val precision":0.1387254901960784,"train loss":-1.678251300871069,"val accuracy":0.4298245614035088,"train precision":0.2133261991690797,"val loss":-1.6465638635827617,"train accuracy":0.41575492341356673,"_step":549,"train f1_score":0.190814019364182,"train recall":0.17259968320774297,"val recall":0.16688948306595366,"_timestamp":1.728755984284413e+09,"_runtime":1.4104304,"val f1_score":0.15150975817565288,"epoch":49,"_wandb":{"runtime":1}}