{"f1_score":0.12954857284917135,"_step":299,"accuracy":0.22647702407002188,"precision":0.1596666453926541,"_wandb":{"runtime":1},"loss":-1.7783824958743515,"_timestamp":1.728660311899027e+09,"epoch":49,"_runtime":1.7246187,"recall":0.10898973461705952}