{"val accuracy":0.6052631578947368,"_runtime":148.3673286,"val precision":0.2722222222222222,"val recall":0.25410997732426305,"val f1_score":0.2628544587454599,"train precision":0.7761803729745335,"_timestamp":1.7287508352382486e+09,"_step":10999,"val loss":-1.295261307553585,"train recall":0.5088570096789371,"_wandb":{"runtime":148},"train accuracy":0.7177242888402626,"train f1_score":0.6147133599300298,"epoch":999,"train loss":-0.681152455956256}