{"val mse":1.1428106633586221,"train loss":0.822344275039165,"_runtime":4.1018661,"train r2":-0.12880706165187705,"epoch":999,"val loss":0.8871483105362505,"_step":8999,"train mse":1.102138577310306,"val rmse":1.0690232286337946,"_wandb":{"runtime":4},"val r2":0.1408941781766201,"_timestamp":1.72876390780872e+09,"train rmse":1.049827879849981}