{"_step":2999,"_runtime":26.9850931,"precision":0.19744826937866622,"_wandb":{"runtime":26},"recall":0.2121072963035796,"accuracy":0.5273522975929978,"loss":-1.1836272987434557,"_timestamp":1.7286589846123946e+09,"f1_score":0.2045154410633627,"epoch":499}