{"epoch":49,"val HammingLoss":0.64,"_wandb":{"runtime":5},"val CE loss":0.6412147643424697,"train f1_score":0.514614354838755,"_runtime":5.287782,"train HammingLoss":0.6325,"train hard accuracy":0,"train recall":0.9640805406927626,"val soft accuracy":0.9739776951672863,"train precision":0.3509821614975729,"train soft accuracy":0.9652370203160271,"train CE loss":0.6444445377321587,"val precision":0.3428917910447761,"_step":749,"val recall":0.97265625,"val f1_score":0.5070371179581178,"val hard accuracy":0,"_timestamp":1.72876069741908e+09}