{"val accuracy":0.5263157894736842,"train precision":0.17622309448677495,"epoch":999,"_wandb":{"runtime":95},"_timestamp":1.728746225352167e+09,"_runtime":95.4064271,"train recall":0.21300998785480574,"train accuracy":0.5317286652078774,"train f1_score":0.19287815408980313,"val recall":0.21764705882352942,"train loss":-1.1022412492083322,"_step":10999,"val loss":-1.1943349741157168,"val f1_score":0.19427671304804411,"val precision":0.17543859649122806}