{"val loss":-1.8252605822572554,"train loss":-0.66706714489356,"val f1_score":0.29057819478545854,"val precision":0.29329527155614116,"_wandb":{"runtime":64},"val recall":0.2879109977324263,"epoch":499,"train f1_score":0.6790551375554038,"val accuracy":0.6491228070175439,"train recall":0.5926923628242945,"_runtime":64.9748555,"train precision":0.794879073690668,"train accuracy":0.7155361050328227,"_timestamp":1.7287513252762494e+09,"_step":5499}