{"_timestamp":1.728728277328939e+09,"mse":1.0060391772829425,"rmse":1.0030150433981249,"_runtime":3.387692,"epoch":99,"loss":1.0060391772829425,"r2":-0.07131528716935454,"_step":499,"_wandb":{"runtime":3}}