{"train loss":0.5553068831459052,"epoch":499,"train rmse":0.850230088249129,"_runtime":27.2786499,"val rmse":1.0162373016532522,"train mse":0.7228912029641217,"train r2":0.2596169742072503,"val loss":0.7344050920202511,"val mse":1.032738253271483,"_wandb":{"runtime":27},"_step":4499,"_timestamp":1.7287638825865407e+09,"val r2":0.2236409107369174}