{"train soft accuracy":0.5093139482053612,"_runtime":45.3827998,"val f1_score":0.36706488021619293,"_step":7499,"val precision":0.30996147473227265,"val hard accuracy":0,"val HammingLoss":0.52875,"val CE loss":0.7127638869891888,"epoch":499,"train hard accuracy":0.00375,"train f1_score":0.40442218083241666,"val recall":0.44995982106660637,"val soft accuracy":0.44404332129963897,"CE loss":0.6965599760028576,"_wandb":{"runtime":45},"train HammingLoss":0.50484375,"train precision":0.3368311154170027,"_timestamp":1.7287576948751369e+09,"train recall":0.5059498921811812}