{"_runtime":1.6671583,"val f1_score":0.1395869939477841,"val loss":-1.7719068393058857,"train f1_score":0.17302222705324558,"epoch":49,"train precision":0.21000523623132664,"val precision":0.15205223880597016,"_wandb":{"runtime":1},"val accuracy":0.34210526315789475,"train recall":0.1471145867907893,"_step":549,"val recall":0.1290106951871658,"_timestamp":1.7287560056274202e+09,"train loss":-1.7799197653858911,"train accuracy":0.29431072210065645}