{"_wandb":{"runtime":32},"_runtime":32.2076913,"rmse":14.506057287852837,"loss":NaN,"epoch":999,"_timestamp":1.7287265441874313e+09,"_step":4999,"r2":-213.28372762117615,"mse":210.42569803846843}