{"train loss":-1.477528155746044,"val accuracy":0.39473684210526316,"val f1_score":0.1664015834103237,"train accuracy":0.4551422319474836,"_runtime":2.3321839,"train recall":0.20694105736890137,"epoch":499,"val precision":0.16446687370600413,"_wandb":{"runtime":2},"val loss":-1.6299194697743693,"_timestamp":1.7287463363747437e+09,"train precision":0.21812750539623804,"train f1_score":0.21238708557649283,"val recall":0.16838235294117646,"_step":5499}