{"_step":1,"val CE loss":0.647342896316803,"_wandb":{"runtime":1},"train CE loss":0.6421847225887037,"_timestamp":1.7287574163213465e+09,"_runtime":1.0180355}