{"train f1_score":0.783941474983632,"_timestamp":1.728750206993807e+09,"val loss":-4.248547910866852,"epoch":999,"_step":10999,"train loss":-0.6379180287400056,"train precision":0.8542559089150622,"val precision":0.3115573152337858,"val f1_score":0.31075106638518635,"val accuracy":0.6403508771929824,"_runtime":106.479042,"train accuracy":0.8293216630196937,"_wandb":{"runtime":106},"train recall":0.7243219971631146,"val recall":0.3099489795918367}