{"_wandb":{"runtime":2},"train loss":0.8296991615905214,"train r2":-0.2675926862786189,"val loss":0.949177652245396,"train rmse":1.1124950967185547,"val mse":1.5870769601565877,"_step":8999,"train mse":1.2376453402228262,"val rmse":1.2597924274088124,"epoch":999,"_runtime":2.8500908000000003,"_timestamp":1.7287636862992587e+09,"val r2":-0.19308219626264633}