{"val precision":0.19479166666666667,"train f1_score":0.21858379341001796,"val accuracy":0.5701754385964912,"_runtime":5.4466456,"val recall":0.24099883855981416,"train loss":-0.996287924519584,"train recall":0.23962708883025505,"train precision":0.20093804760721531,"val loss":-1.0492627557886776,"_wandb":{"runtime":5},"val f1_score":0.21544556324557823,"epoch":49,"_step":549,"train accuracy":0.5929978118161926,"_timestamp":1.7287551995017126e+09}