{"_runtime":4.7256604,"val accuracy":0.6052631578947368,"val f1_score":0.28607822324098,"val precision":0.2921925712225027,"_timestamp":1.7287551721821263e+09,"train precision":0.320983427363765,"train loss":-0.8256854730460306,"val loss":-0.9882954606199857,"val recall":0.28021452483432396,"train accuracy":0.6597374179431073,"train f1_score":0.32127559784516113,"_wandb":{"runtime":4},"epoch":49,"_step":549,"train recall":0.32156830069897696}