{"epoch":499,"train f1_score":0.20060373205301918,"val precision":0.21976190476190474,"_runtime":27.5665418,"val loss":-1.6827259769661922,"train loss":-1.5261538872766236,"val f1_score":0.21211569145769332,"_step":5499,"train recall":0.19624009864777311,"_timestamp":1.7287463199109588e+09,"_wandb":{"runtime":27},"val accuracy":0.45614035087719296,"train precision":0.20516583999730068,"train accuracy":0.4803063457330416,"val recall":0.20498366013071898}