{"train mse":0.7408004836039702,"val loss":0.7241563644183612,"val rmse":1.014670983630796,"epoch":999,"_wandb":{"runtime":64},"_runtime":64.8990901,"_timestamp":1.728763759170181e+09,"_step":8999,"val r2":0.22603225792854553,"train loss":0.5599174681273454,"train rmse":0.8606976725912359,"train r2":0.24127434209949628,"val mse":1.0295572050222872}