{"val accuracy":0.6403508771929824,"_timestamp":1.7287499449866066e+09,"train recall":0.23494426414561875,"_step":10999,"val loss":-0.9392532364790963,"train accuracy":0.5809628008752735,"train precision":0.19467435712569095,"train loss":-1.0431263338924837,"train f1_score":0.21292197925486547,"_runtime":93.1918786,"val f1_score":0.2315881230211037,"epoch":999,"val precision":0.21512527064645837,"_wandb":{"runtime":93},"val recall":0.2507794784580499}