{"loss":0.07459432405647533,"_timestamp":1.728728268509087e+09,"_runtime":36.9269089,"r2":0.9850694332154134,"_wandb":{"runtime":36},"_step":4999,"epoch":999,"mse":0.014020835233315402,"rmse":0.11840960785897149}