{"_runtime":73.3206538,"mse":0.003454179192306762,"r2":0.9964824904938004,"loss":0.003454179192306762,"rmse":0.058772265502588565,"_wandb":{"runtime":73},"_step":4999,"_timestamp":1.7287266978243906e+09,"epoch":999}