{"val f1_score":NaN,"train HammingLoss":0.42796875,"train soft accuracy":0.2412539754656974,"_wandb":{"runtime":1},"train hard accuracy":0.01125,"val CE loss":1.0189647017980148,"val recall":0.25,"train precision":NaN,"_step":749,"_timestamp":1.7287575341382983e+09,"_runtime":1.6903876,"epoch":49,"val soft accuracy":0.27075812274368233,"val precision":NaN,"train recall":0.25,"val hard accuracy":0.01,"CE loss":1.0656027604918166,"train f1_score":NaN,"val HammingLoss":0.40875}