{"f1_score":0.18037799570558108,"_wandb":{"runtime":3},"epoch":499,"_step":2999,"recall":0.19915515351650884,"accuracy":0.4923413566739606,"precision":0.16483653666101702,"_runtime":3.9259132,"_timestamp":1.7286601538835204e+09,"loss":-1.1671383661664718}