{"val loss":-0.9737691909285482,"train precision":0.30386800427637306,"_step":10999,"_timestamp":1.7287461018385055e+09,"epoch":999,"_wandb":{"runtime":82},"train accuracy":0.6269146608315098,"train loss":-0.8958287197339343,"val precision":0.25542660649043625,"val f1_score":0.25915322571221844,"_runtime":82.9013816,"val recall":0.2629901960784314,"val accuracy":0.5614035087719298,"train f1_score":0.3011134635785174,"train recall":0.2984084136606486}