{"_runtime":56.3805576,"rmse":332.74875845859606,"_step":4999,"r2":-112750.75320663872,"epoch":999,"mse":110721.7362557371,"_wandb":{"runtime":56},"_timestamp":1.7287272464128215e+09,"loss":NaN}