{"val precision":NaN,"train HammingLoss":0.35,"val HammingLoss":0.3525,"val soft accuracy":0.010830324909747292,"_step":14999,"train recall":0.019221339364036284,"val recall":0.011720981270480714,"val hard accuracy":0,"_timestamp":1.7287573007508028e+09,"train hard accuracy":0.00125,"_wandb":{"runtime":77},"_runtime":77.90964460000001,"CE loss":0.7068333469354988,"train precision":NaN,"val f1_score":NaN,"val CE loss":0.7115073979174986,"epoch":999,"train f1_score":NaN,"train soft accuracy":0.019536574284416176}