{"_timestamp":1.728726807626267e+09,"rmse":NaN,"epoch":499,"mse":NaN,"r2":NaN,"_wandb":{"runtime":14},"_runtime":14.1830439,"loss":NaN,"_step":2499}