{"val rmse":0.8337537023009868,"val r2":-1.890263748134974,"_timestamp":1.7288173472506316e+09,"val mse":0.6951452361006025,"train r2":-2.109413425913522,"_step":899,"_wandb":{"runtime":4},"epoch":99,"train loss":13.404643047721132,"_runtime":4.9746858,"train rmse":0.8429386821004222,"val loss":12.510629559829223,"train mse":0.7105456217811967}