{"rmse":0.17756331626203958,"_step":2499,"r2":0.9678932082476329,"_timestamp":1.7287266159681516e+09,"_runtime":12.9635486,"epoch":499,"_wandb":{"runtime":12},"mse":0.03152873128197309,"loss":0.03152873128197309}