{"train rmse":0.1827491880639328,"train r2":0.9651025885696578,"train mse":0.033397265738026684,"val loss":0.29936816356795337,"_timestamp":1.7287702738833184e+09,"_runtime":3.7980975,"val rmse":0.5471454683792542,"val mse":0.29936816356795337,"val r2":0.7473837161978885,"_wandb":{"runtime":3},"train loss":0.033397265738026684,"_step":899,"epoch":99}