{"_runtime":70.003109,"train precision":0.999554367201426,"train accuracy":0.9989059080962801,"_timestamp":1.728749778712404e+09,"val recall":0.2824546485260771,"val accuracy":0.6140350877192983,"train loss":-0.01680899214755228,"val precision":0.288382250174703,"epoch":499,"val f1_score":0.2853876730801588,"_wandb":{"runtime":70},"train recall":0.999561403508772,"val loss":-3.569945865859411,"_step":5499,"train f1_score":0.9995578853427161}