{"_step":2499,"loss":0.2535203011545409,"r2":0.7773542686396084,"_timestamp":1.7287283155724e+09,"mse":0.2090797462577034,"epoch":499,"rmse":0.45725238791908285,"_wandb":{"runtime":30},"_runtime":30.5046093}