{"val HammingLoss":0.38875,"CE loss":0.7473696357159867,"val precision":NaN,"train hard accuracy":0.01,"_step":7499,"_timestamp":1.7287575006423755e+09,"train HammingLoss":0.38328125,"val hard accuracy":0.02,"val CE loss":0.74182175440687,"train recall":0.125,"val f1_score":NaN,"val recall":0.125,"_runtime":69.9510915,"train f1_score":NaN,"_wandb":{"runtime":69},"train precision":NaN,"train soft accuracy":0.12448886869604725,"val soft accuracy":0.11913357400722022,"epoch":499}