{"_step":5499,"train accuracy":0.986870897155361,"train recall":0.9747285094223151,"train f1_score":0.9841700052435801,"train precision":0.9937961960666154,"epoch":499,"_runtime":71.2568792,"val loss":-4.4152917412059045,"_timestamp":1.7287511602379313e+09,"val recall":0.2858560090702948,"val accuracy":0.6228070175438597,"val f1_score":0.2840030359494707,"train loss":-0.035180178799438355,"val precision":0.28217393076186403,"_wandb":{"runtime":71}}