{"_runtime":0.73219,"_step":1,"val CE loss":0.6492987728873345,"_wandb":{"runtime":0},"train CE loss":0.642308641313115,"_timestamp":1.728757216925548e+09}