{"r2":0.9965329548442267,"_runtime":82.5455482,"mse":0.0034046234174358527,"_step":4999,"loss":0.0034046234174358527,"epoch":999,"_wandb":{"runtime":82},"rmse":0.058349150957283456,"_timestamp":1.7287267862344713e+09}