{"_step":2499,"rmse":1.4218847663238976,"r2":-1.152936454094153,"loss":1.1196126801845498,"_runtime":15.9129339,"epoch":499,"_timestamp":1.728728167522411e+09,"mse":2.021756288703965,"_wandb":{"runtime":15}}