{"train loss":32.245899020916994,"train rmse":32.259952452454236,"_timestamp":1.7287638953217275e+09,"val rmse":32.0676552284776,"val mse":1028.3345118525067,"epoch":49,"train mse":1040.704532234608,"val loss":32.048262649231546,"_runtime":2.9896726,"train r2":-1064.8864949146844,"val r2":-772.0485847218242,"_wandb":{"runtime":2},"_step":449}