{"train precision":0.9986702127659575,"epoch":999,"val f1_score":0.32099236409937654,"_step":10999,"train recall":0.9931704260651629,"_runtime":182.4852427,"val loss":-4.381031655059509,"train accuracy":0.9967177242888403,"val recall":0.3133503401360544,"_wandb":{"runtime":182},"train f1_score":0.9959127265255557,"val accuracy":0.6491228070175439,"train loss":-0.006924325275193192,"_timestamp":1.7287505419671466e+09,"val precision":0.3290164550668752}