{"train f1_score":0.1240892575184618,"train recall":0.10468912206097446,"val accuracy":0.14912280701754385,"val f1_score":0.1314818763480867,"_runtime":1.5093756,"_wandb":{"runtime":1},"train accuracy":0.12472647702407003,"_timestamp":1.7287560163978665e+09,"_step":549,"epoch":49,"train loss":-1.821635960090028,"train precision":0.1523150402431303,"val precision":0.1471861471861472,"val loss":-1.832405058237939,"val recall":0.11880570409982176}