{"loss":1.430577234100935,"epoch":49,"r2":-0.45680601386005293,"mse":1.430577234100935,"rmse":1.1960674036612382,"_runtime":1.6214095,"_step":249,"_wandb":{"runtime":1},"_timestamp":1.7287268680552406e+09}