{"loss":22.33389236504483,"_runtime":4150.9884606,"mse":583.4927971245838,"epoch":499,"_timestamp":1.728740730401188e+09,"rmse":24.155595565512016,"_wandb":{"runtime":4151},"r2":-583.475117832901,"_step":2499}