{"train CE loss":0.8148704105786533,"_timestamp":1.7287577092196803e+09,"_runtime":0.7946153,"_step":1,"val CE loss":0.8266393767238782,"_wandb":{"runtime":0}}