{"train HammingLoss":0.50609375,"_timestamp":1.7288181141413e+09,"train recall":0.5233032141382208,"epoch":999,"_wandb":{"runtime":6},"val soft accuracy":0.5142857142857142,"val CE loss":0.9612667764612772,"train f1_score":NaN,"CE loss":0.976931994450928,"_step":14999,"val f1_score":NaN,"train precision":NaN,"val precision":NaN,"_runtime":6.587052,"val HammingLoss":0.51875,"val hard accuracy":0,"val recall":0.5238095238095238,"train hard accuracy":0,"train soft accuracy":0.5214640759150474}