{"loss":-2.1068721445954863,"precision":0.06765134938001459,"_wandb":{"runtime":6},"_step":299,"recall":0.16666666666666666,"epoch":49,"accuracy":0.4059080962800875,"f1_score":0.09623865110246434,"_timestamp":1.7286602103514302e+09,"_runtime":6.4597814}