{"val accuracy":0.3508771929824561,"_runtime":1.6982118000000002,"train recall":0.16666666666666666,"train accuracy":0.4037199124726477,"val precision":0.05847953216374269,"train precision":0.06728665207877461,"val loss":-1.8234055391366766,"_wandb":{"runtime":1},"_timestamp":1.7287464647747374e+09,"val recall":0.16666666666666666,"epoch":99,"train f1_score":0.09586905689789554,"train loss":-1.7970176857216145,"_step":1099,"val f1_score":0.08658008658008658}