{"_runtime":4.2807414999999995,"mse":0.4799523028926151,"epoch":99,"_wandb":{"runtime":4},"r2":0.5112480580893886,"loss":0.4799523028926151,"rmse":0.6927858997501429,"_timestamp":1.7287265965302975e+09,"_step":499}