{"train loss":-0.02304226735384643,"epoch":999,"val f1_score":0.30423071397787677,"train f1_score":0.9991169590300988,"train recall":0.9991228070175439,"_timestamp":1.7287506731142912e+09,"_runtime":123.2795042,"val precision":0.3161764705882353,"val recall":0.2931547619047619,"_wandb":{"runtime":123},"train accuracy":0.9978118161925602,"val loss":-4.719233468127652,"val accuracy":0.6403508771929824,"_step":10999,"train precision":0.9991111111111112}