{"train rmse":0.3006402523114045,"train r2":0.6027904869665577,"train loss":0.09038456130986497,"val mse":0.2344439198135384,"val rmse":0.48419409312127965,"_wandb":{"runtime":14},"train mse":0.09038456130986497,"_timestamp":1.728771505285656e+09,"_step":899,"epoch":99,"val loss":0.2344439198135384,"val r2":-0.09278144699250745,"_runtime":14.8489903}