{"train r2":-2.255165863600313,"val loss":14.43387563575566,"val mse":0.7686118797845867,"epoch":99,"_wandb":{"runtime":5},"train mse":0.7358652493911688,"_runtime":5.1406325,"_step":899,"val r2":-2.2737786172721353,"_timestamp":1.7288175170289595e+09,"train rmse":0.8578258852419696,"val rmse":0.8767051270436296,"train loss":14.047458001728277}