{"_runtime":56.2457492,"recall":0.5576828575090104,"epoch":499,"_timestamp":1.7286606102907672e+09,"accuracy":0.7133479212253829,"loss":-0.6379512284191353,"_wandb":{"runtime":56},"_step":2999,"f1_score":0.6415038559648547,"precision":0.7549788966184542}