{"_step":249,"epoch":49,"r2":-2.0915949025284197,"_timestamp":1.7287280178835857e+09,"rmse":1.7038842437487496,"_runtime":1.4203643000000001,"_wandb":{"runtime":1},"loss":1.4907374018967783,"mse":2.903221516095248}