{"_step":1,"val CE loss":0.7737794040266235,"_wandb":{"runtime":0},"train CE loss":0.8082274102345829,"_timestamp":1.7287575162152553e+09,"_runtime":0.8433004}