{"_runtime":17.6857746,"train loss":0.469741715549366,"val r2":0.5935872543091945,"epoch":499,"_step":4499,"val loss":0.5406235270464662,"_wandb":{"runtime":17},"val mse":0.5406235270464662,"_timestamp":1.7287635631890707e+09,"val rmse":0.7352710568535022,"train r2":0.5188919283102991,"train mse":0.469741715549366,"train rmse":0.6853770608572817}