{"train hard accuracy":0,"_runtime":9.7967206,"val precision":NaN,"val recall":0.7532894736842105,"val CE loss":0.6978397670934098,"_wandb":{"runtime":9},"train soft accuracy":0.7505648441030276,"val HammingLoss":0.57625,"val hard accuracy":0,"val soft accuracy":0.7553956834532374,"train HammingLoss":0.579375,"_timestamp":1.7288179214765196e+09,"train precision":NaN,"train f1_score":NaN,"_step":1499,"epoch":99,"val f1_score":NaN,"CE loss":0.7125661523422502,"train recall":0.7506333830104321}