{"train HammingLoss":0.46828125,"train f1_score":NaN,"val hard accuracy":0,"epoch":49,"train precision":NaN,"_timestamp":1.7287607092767515e+09,"_runtime":1.4747194000000001,"val HammingLoss":0.44875,"CE loss":0.9293220165160117,"train soft accuracy":0.36523702031602706,"val f1_score":NaN,"val recall":0.375,"val soft accuracy":0.3903345724907063,"train hard accuracy":0.00625,"val CE loss":0.9138051307992265,"_wandb":{"runtime":1},"_step":749,"train recall":0.375,"val precision":NaN}