{"val rmse":1.1269736107036774,"_runtime":13.2363433,"_wandb":{"runtime":13},"train r2":-1.0254159375024883,"train rmse":1.4062591286251866,"val loss":0.8771616317482112,"train loss":1.0693925539896658,"val r2":0.04522756650017867,"epoch":499,"_timestamp":1.7287637816571014e+09,"val mse":1.2700695192224838,"_step":4499,"train mse":1.9775647368416691}