{"val accuracy":0.5789473684210527,"train precision":0.36493808463810673,"_wandb":{"runtime":4},"train loss":-0.8627517899880878,"val precision":0.28883677298311444,"train accuracy":0.6356673960612691,"val loss":-1.0197573222538723,"val f1_score":0.2794606533118093,"_step":549,"val recall":0.2706741233078597,"_timestamp":1.72875518809268e+09,"train f1_score":0.33758193220382127,"train recall":0.3140410745421161,"_runtime":4.667188,"epoch":49}