{"precision":0.9252644345194336,"accuracy":0.9529540481400438,"_step":599,"recall":0.9249543892879016,"_timestamp":1.728659977939825e+09,"loss":-0.13766745294920926,"_runtime":9.4684521,"epoch":99,"f1_score":0.9251093859261875,"_wandb":{"runtime":9}}