{"_timestamp":1.7287461162017787e+09,"val f1_score":0.2423780154919779,"_runtime":7.2782927,"epoch":99,"train accuracy":0.6181619256017505,"_wandb":{"runtime":7},"train loss":-0.8925575127493024,"val accuracy":0.543859649122807,"train f1_score":0.2965380172165455,"val loss":-1.0044874499688634,"val precision":0.23726851851851852,"val recall":0.24771241830065358,"train recall":0.29491115503767673,"train precision":0.2981829279620336,"_step":1099}