{"val precision":0.17823129251700678,"epoch":499,"val loss":-1.1955014373803086,"val recall":0.22328431372549018,"_wandb":{"runtime":43},"_step":5499,"train accuracy":0.5175054704595186,"val f1_score":0.19823016199291565,"_runtime":43.0628088,"_timestamp":1.7287459929278648e+09,"train precision":0.16980943502397808,"train recall":0.20655770825060435,"train loss":-1.1382638377808187,"train f1_score":0.1863895314171629,"val accuracy":0.543859649122807}