{"train mse":0.3884533491696977,"val mse":0.36198817357842933,"_runtime":19.117759,"train rmse":0.6232602579739043,"_timestamp":1.728763664248926e+09,"_step":4499,"train r2":0.6021472320339432,"train loss":0.3939967681127336,"val loss":0.4319488682102993,"val rmse":0.6016545300905074,"val r2":0.7278760539051331,"_wandb":{"runtime":19},"epoch":499}