{"val rmse":0.797724035217459,"epoch":99,"_runtime":8.3688028,"train r2":-1.882629107981213,"val mse":0.6363636363636258,"_timestamp":1.7287714517944298e+09,"train mse":0.6530944625407149,"val loss":14.211720541461114,"_wandb":{"runtime":8},"train rmse":0.8081426003749059,"train loss":14.585365125264074,"val r2":-1.7499999999999547,"_step":899}