{"_timestamp":1.7286606745486639e+09,"_wandb":{"runtime":51},"loss":-0.4702536675696692,"epoch":499,"precision":0.8933636021648675,"_runtime":51.5527577,"accuracy":0.8402625820568927,"recall":0.7304547846350001,"f1_score":0.8037373180705499,"_step":2999}