{"_timestamp":1.7287638034353118e+09,"val rmse":1.0706439461753716,"train loss":0.5850748054244914,"epoch":499,"_step":4499,"_wandb":{"runtime":2},"train rmse":0.8806239426887648,"val loss":0.7626709798056504,"train mse":0.7754985284367047,"train r2":0.20573670750522455,"val mse":1.1462784594819722,"val r2":0.13828726879610143,"_runtime":2.6155418}