{"f1_score":0.09825102880658437,"_runtime":9.0806788,"loss":-1.9589696246756942,"_step":599,"epoch":99,"_wandb":{"runtime":9},"accuracy":0.4179431072210066,"precision":0.06965718453683444,"recall":0.16666666666666666,"_timestamp":1.7286600735767677e+09}