{"train HammingLoss":0.6428125,"val CE loss":0.7408873465125518,"train f1_score":0.512082062019182,"val recall":0.9758064516129032,"train hard accuracy":0,"_runtime":9.0930461,"epoch":49,"val HammingLoss":0.6475,"_step":749,"_wandb":{"runtime":9},"val hard accuracy":0,"val soft accuracy":0.9776951672862454,"train precision":0.34780639855687606,"val precision":0.3391666666666666,"val f1_score":0.5033730604902181,"train recall":0.9704391891891893,"train soft accuracy":0.9683972911963883,"_timestamp":1.728761123698249e+09,"CE loss":0.7516814883403629}