{"_wandb":{"runtime":3},"_step":449,"_runtime":3.0622113,"epoch":49,"train r2":0.31463192268356144,"train rmse":0.8180317860534843,"val r2":0.31588852335260054,"train mse":0.6691760029938535,"val loss":0.9100274617850167,"val mse":0.9100274617850167,"val rmse":0.9539535951947645,"train loss":0.6691760029938535,"_timestamp":1.7287636019806724e+09}