{"_step":299,"_wandb":{"runtime":4},"precision":0.29535638579756224,"_runtime":4.9330408,"_timestamp":1.728659005428604e+09,"recall":0.28531794449311026,"epoch":49,"loss":-0.9044555894435233,"accuracy":0.6214442013129103,"f1_score":0.29025039507598216}