{"train f1_score":0.5555620454777882,"val HammingLoss":0.505,"train hard accuracy":0.00625,"val soft accuracy":0.6468401486988847,"val hard accuracy":0,"train soft accuracy":0.7525959367945824,"val f1_score":0.4661403009432068,"val recall":0.6505597972460926,"train precision":0.44064238765777125,"train recall":0.7515723153042078,"_step":7499,"epoch":499,"val precision":0.3631852214932285,"_timestamp":1.7287606066032755e+09,"train CE loss":0.5949690847228933,"_runtime":37.2875704,"train HammingLoss":0.41875,"_wandb":{"runtime":37},"val CE loss":0.6573065693739388}