{"_timestamp":1.7287611432708962e+09,"train soft accuracy":0.5918735891647856,"val f1_score":NaN,"train recall":0.5970378062517601,"val precision":NaN,"epoch":99,"val HammingLoss":0.515,"train f1_score":NaN,"train hard accuracy":0.00125,"CE loss":0.8690136081260016,"_step":1499,"_runtime":12.6373377,"val CE loss":0.8524632728444652,"train precision":NaN,"val soft accuracy":0.6096654275092936,"val hard accuracy":0,"_wandb":{"runtime":12},"train HammingLoss":0.53265625,"val recall":0.5928571428571429}