{"recall":0.23438862413855252,"_wandb":{"runtime":62},"loss":-1.0416042077032222,"_timestamp":1.7286601427745252e+09,"_step":5999,"f1_score":0.2417095150598112,"epoch":999,"precision":0.24950247167813377,"accuracy":0.5415754923413567,"_runtime":62.0193343}