{"precision":0.3832708910245968,"_runtime":44.1191699,"_wandb":{"runtime":44},"accuracy":0.43326039387308535,"f1_score":0.24627246232605884,"_step":2999,"recall":0.18142347144505822,"loss":-2.2719065243950136,"epoch":499,"_timestamp":1.7286588885617833e+09}