{"_step":899,"val rmse":0.3485743521356824,"val r2":0.8463354558225935,"train loss":0.16671740851024128,"val mse":0.1215040789668107,"train r2":0.9237011372093897,"_wandb":{"runtime":3},"_runtime":3.6013104,"train mse":0.07747512787503795,"train rmse":0.27834354290164154,"val loss":0.2364765200087842,"epoch":99,"_timestamp":1.7287704229284823e+09}