{"_timestamp":1.728658806137879e+09,"epoch":499,"f1_score":0.29098056920613014,"_wandb":{"runtime":26},"precision":0.44565398304392084,"accuracy":0.4912472647702407,"_step":2999,"loss":-1.59111488633448,"recall":0.216009881155983,"_runtime":26.683022}