{"precision":NaN,"HammingLoss":0.500625,"epoch":499,"hard accuracy":0.00375,"recall":0.5,"CE loss":0.7127888396908989,"soft accuracy":0.4990909090909091,"_timestamp":1.7286960336499662e+09,"f1_score":NaN,"_runtime":51.4074154,"_step":3999,"_wandb":{"runtime":51}}