{"train precision":NaN,"val hard accuracy":0,"train soft accuracy":0.6261851015801354,"train f1_score":NaN,"_runtime":7.3208708,"train HammingLoss":0.53734375,"_wandb":{"runtime":7},"_timestamp":1.728760796415161e+09,"val f1_score":NaN,"train hard accuracy":0,"CE loss":0.862560250085983,"val CE loss":0.8790097030975241,"val HammingLoss":0.5475,"train recall":0.626294081895497,"_step":1499,"epoch":99,"val precision":NaN,"val recall":0.6098754320276498,"val soft accuracy":0.6022304832713755}