{"r2":-61.34417397418184,"_wandb":{"runtime":3},"_step":2499,"loss":NaN,"_timestamp":1.7287265841691885e+09,"epoch":499,"mse":61.22171045270023,"rmse":7.824430359630037,"_runtime":3.2425065}