{"val accuracy":0.12280701754385964,"train precision":0.1148530452870538,"train accuracy":0.13785557986870897,"val precision":0.12750172532781226,"_wandb":{"runtime":4},"train f1_score":0.09302832406838513,"val f1_score":0.14901039363316904,"_runtime":4.6771379,"epoch":999,"val loss":-2.117344028177764,"train loss":-2.0186123568300505,"_timestamp":1.7287459110173929e+09,"train recall":0.07817355075638882,"_step":10999,"val recall":0.1792483660130719}