{"train CE loss":0.8020350906321451,"_timestamp":1.7287571373222303e+09,"_runtime":0.6882324,"_step":1,"val CE loss":0.8126258850588473,"_wandb":{"runtime":0}}