{"_wandb":{"runtime":4},"epoch":999,"mse":1.270377375652401e+07,"loss":NaN,"r2":-1.2936688866208179e+07,"_timestamp":1.7287268996720996e+09,"_step":4999,"rmse":3564.235367722509,"_runtime":4.0356545}