{"recall":0.18864161292295245,"epoch":499,"_timestamp":1.7286600404938843e+09,"_wandb":{"runtime":35},"f1_score":0.17010077727638273,"accuracy":0.4671772428884026,"loss":-1.1556429697876456,"_runtime":35.6041805,"_step":2999,"precision":0.15487839441233972}