{"rmse":0.42618962521673454,"_wandb":{"runtime":4},"r2":0.806576981889289,"loss":0.18163759664238066,"_runtime":4.6954003,"_step":499,"_timestamp":1.7287281450677092e+09,"mse":0.18163759664238066,"epoch":99}