{"_runtime":91.80582,"val recall":0.0033783783783783786,"epoch":999,"train hard accuracy":0,"CE loss":0.6518507544420749,"_wandb":{"runtime":91},"_timestamp":1.7287576356666715e+09,"train recall":0,"val f1_score":NaN,"val hard accuracy":0,"val precision":NaN,"_step":14999,"train precision":NaN,"val CE loss":0.6598204707586095,"train f1_score":NaN,"val soft accuracy":0.0036101083032490976,"val HammingLoss":0.345,"train HammingLoss":0.344375,"train soft accuracy":0}