{"_wandb":{"runtime":74},"val f1_score":0.3204396945218267,"train accuracy":1,"train precision":1,"train recall":1,"val accuracy":0.6754385964912281,"val recall":0.3150510204081633,"train f1_score":1,"_timestamp":1.7287510746826715e+09,"_runtime":74.5306395,"val precision":0.32601591361182153,"_step":5499,"epoch":499,"train loss":-0.0008912871568965893,"val loss":-2.5773882880168952}