{"train precision":0.1673896499238965,"train recall":0.20409035281441076,"_runtime":5.5122001,"val loss":-1.216975077632443,"_step":549,"val recall":0.2018790849673203,"val precision":0.16203703703703706,"_wandb":{"runtime":5},"val f1_score":0.17977707933182008,"train f1_score":0.18392706179942037,"epoch":49,"val accuracy":0.49122807017543857,"train accuracy":0.5120350109409191,"train loss":-1.1222856989774637,"_timestamp":1.728746237696494e+09}