{"_timestamp":1.728746285737948e+09,"train precision":0.11736302654638632,"val accuracy":0.14035087719298245,"val precision":0.11428735236784775,"val recall":0.12565359477124186,"epoch":49,"val f1_score":0.11970125843991997,"train f1_score":0.12406938307724898,"val loss":-1.8104885883325852,"_runtime":1.6151257,"_wandb":{"runtime":1},"train recall":0.1315886181795115,"train loss":-1.8476997269337405,"_step":549,"train accuracy":0.16301969365426697}