{"_step":7999,"hard accuracy":0.00125,"_runtime":9.2736644,"f1_score":NaN,"CE loss":0.7450675017837536,"precision":NaN,"_timestamp":1.728696940669879e+09,"epoch":999,"_wandb":{"runtime":9},"soft accuracy":0.5345454545454545,"recall":0.5389545499407817,"HammingLoss":0.51296875}