{"train loss":8.292925822245532,"val mse":1.2992580219369286e+24,"train rmse":1.139849999753144e+12,"val r2":-7.253578919081025e+24,"_runtime":7.1726585,"train r2":-5.565574461847248e+24,"val loss":5.22063204530973,"_timestamp":1.7287712172615893e+09,"_step":899,"_wandb":{"runtime":7},"val rmse":1.1398499997530063e+12,"epoch":99,"train mse":1.2992580219372424e+24}