{"val r2":-1.1989616690567867e+24,"epoch":49,"train loss":7.638221152068253,"_timestamp":1.728771305240335e+09,"train r2":-1.1915258123853929e+24,"train rmse":5.1782580179057806e+11,"val mse":2.681435610000505e+23,"val rmse":5.1782580179057367e+11,"train mse":2.6814356100005504e+23,"val loss":7.5409129543362745,"_runtime":4.1497452,"_step":449,"_wandb":{"runtime":4}}