{"train accuracy":0.7713347921225383,"val recall":0.2930130385487528,"_wandb":{"runtime":16},"val accuracy":0.6403508771929824,"epoch":99,"_timestamp":1.7287513561040535e+09,"train precision":0.673822946149151,"_runtime":16.8288656,"val f1_score":0.2985385188127046,"_step":1099,"train f1_score":0.6826575283285862,"val precision":0.30427639736150375,"train loss":-0.5891755371553187,"train recall":0.6917268509832359,"val loss":-1.6457198407828737}