{"_step":499,"mse":0.6225534799170395,"epoch":99,"_runtime":908.5955076,"rmse":0.7890205826954323,"loss":0.3478802842101431,"r2":0.3763984400066147,"_wandb":{"runtime":908},"_timestamp":1.7287327060965664e+09}