{"_runtime":8.5340764,"_timestamp":1.7287513702968736e+09,"train recall":0.3250705517144067,"_wandb":{"runtime":8},"val precision":0.3024243401601892,"train precision":0.3331067588325653,"val accuracy":0.6666666666666666,"val f1_score":0.2985555947435797,"val recall":0.2947845804988662,"epoch":49,"train accuracy":0.675054704595186,"train loss":-0.8036967330974824,"_step":549,"train f1_score":0.32903959507055053,"val loss":-0.8010901138567694}