{"val f1_score":0.48903610121103114,"val soft accuracy":0.7657992565055762,"_wandb":{"runtime":9},"val hard accuracy":0,"train CE loss":0.6319862035681673,"train recall":0.8120656772980186,"train HammingLoss":0.52703125,"val recall":0.7682884148044455,"val CE loss":0.636050785310292,"val precision":0.3586693679740816,"_timestamp":1.7287611623513684e+09,"train soft accuracy":0.8130925507900677,"epoch":99,"train hard accuracy":0.0025,"_step":1499,"_runtime":9.9769753,"train precision":0.3808652476353771,"val HammingLoss":0.5475,"train f1_score":0.5185339550109632}