{"train HammingLoss":0.49453125,"val soft accuracy":0.4584837545126354,"val CE loss":0.7503951698970672,"val recall":0.46590909090909094,"CE loss":0.7408692177467964,"val hard accuracy":0,"_timestamp":1.728757373050181e+09,"train precision":NaN,"_runtime":16.8535249,"val HammingLoss":0.49875,"_wandb":{"runtime":16},"train recall":0.4667037891799055,"epoch":999,"train soft accuracy":0.46388005452067244,"train hard accuracy":0.0025,"_step":14999,"train f1_score":NaN,"val precision":NaN,"val f1_score":NaN}