{"epoch":999,"_runtime":34.1672496,"r2":0.9867879337631649,"_wandb":{"runtime":34},"loss":0.08236744917903863,"mse":0.01240704431860884,"_step":4999,"_timestamp":1.7287280777068677e+09,"rmse":0.11138691268999622}