{"_runtime":5.3618307,"train mse":1.1895841786784025,"val loss":1.0088792022019735,"epoch":999,"val mse":1.6051010037628737,"val r2":-0.20663173801215273,"val rmse":1.2669258083103658,"_wandb":{"runtime":5},"train rmse":1.0906806034208192,"_step":8999,"train r2":-0.21836858718671093,"_timestamp":1.7287639196906197e+09,"train loss":0.8042417826357942}