{"_wandb":{"runtime":50},"train precision":0.9981132793183461,"train f1_score":0.9986095652465392,"epoch":499,"train accuracy":0.9978118161925602,"val loss":-2.993697130380973,"val f1_score":0.27890272714733155,"val accuracy":0.6403508771929824,"_timestamp":1.7287498382988713e+09,"_runtime":50.3008183,"train loss":-0.028270877784780157,"_step":5499,"val precision":0.28208270120978723,"val recall":0.27579365079365076,"train recall":0.9991063449508489}