{"_runtime":3.6735385000000003,"train mse":0.034552077002966405,"val loss":0.5060137709428603,"val r2":0.6083883089957249,"_wandb":{"runtime":3},"_timestamp":1.7287701528295796e+09,"val rmse":0.7113464493078322,"train rmse":0.1858818899273579,"_step":899,"epoch":99,"train loss":0.034552077002966405,"val mse":0.5060137709428603,"train r2":0.9615431483282768}