{"epoch":999,"_runtime":1.9068895000000001,"mse":9.266724905562668,"_timestamp":1.7287265559231634e+09,"_step":4999,"_wandb":{"runtime":1},"loss":NaN,"r2":-8.436624775938478,"rmse":3.0441295809414335}