{"val accuracy":0.5350877192982456,"train accuracy":0.5831509846827133,"epoch":49,"_runtime":7.6846823,"val recall":0.21921296296296297,"val f1_score":0.19727044566347568,"_step":549,"train recall":0.23577732036813592,"_wandb":{"runtime":7},"val precision":0.179320987654321,"val loss":-1.0763347043658391,"train f1_score":0.2125107064495878,"train loss":-1.0594457392761354,"_timestamp":1.7287556402446253e+09,"train precision":0.19342357910906297}