{"rmse":0.1133300545155801,"loss":0.01284370125650436,"_wandb":{"runtime":42},"_runtime":42.7704936,"mse":0.01284370125650436,"r2":0.986920817146614,"epoch":499,"_timestamp":1.7287271308612297e+09,"_step":2499}