{"train rmse":1.0087865188445546,"train r2":-0.042274357810112795,"val mse":1.4035038525155872,"_wandb":{"runtime":1},"_timestamp":1.7287635736392472e+09,"train mse":1.017650240602515,"_runtime":1.5487772,"_step":4499,"train loss":1.017650240602515,"val rmse":1.1846956792845946,"epoch":499,"val r2":-0.05508144901629031,"val loss":1.4035038525155872}