{"loss":-1.3237992321728718,"epoch":99,"_wandb":{"runtime":9},"f1_score":0.13656056087302687,"_step":599,"precision":0.1318330382608923,"recall":0.14163975146643146,"_timestamp":1.7286588374208236e+09,"accuracy":0.3413566739606127,"_runtime":9.3470836}