{"recall":0.21078960634315025,"_runtime":36.416393,"loss":-1.2124611195558923,"accuracy":0.4824945295404814,"precision":0.23449051201138985,"_step":2999,"_wandb":{"runtime":36},"f1_score":0.22200929563501876,"epoch":499,"_timestamp":1.728660197473911e+09}