{"_timestamp":1.7287574077312102e+09,"train hard accuracy":0.015,"val precision":NaN,"train recall":0.1756771950326646,"val hard accuracy":0.01,"val recall":0.17360760099914718,"train HammingLoss":0.38484375,"_step":7499,"val soft accuracy":0.16967509025270758,"_runtime":4.4005313,"epoch":499,"train precision":0.31657655437444276,"val CE loss":0.6953100319025473,"train soft accuracy":0.17628350749659247,"train f1_score":0.2259618383916567,"val HammingLoss":0.37,"_wandb":{"runtime":4},"val f1_score":NaN,"CE loss":0.6955841805713942}