{"train hard accuracy":0.00125,"val precision":NaN,"val f1_score":NaN,"_timestamp":1.728761029770359e+09,"_runtime":1.5148451,"train f1_score":NaN,"CE loss":0.8680949602713066,"train soft accuracy":0.7521444695259594,"val hard accuracy":0,"epoch":49,"train precision":NaN,"val soft accuracy":0.7509293680297398,"train recall":0.75,"val recall":0.75,"val HammingLoss":0.58125,"_wandb":{"runtime":1},"val CE loss":0.8788914119679787,"train HammingLoss":0.57546875,"_step":749}