{"_timestamp":1.7287570753005397e+09,"val hard accuracy":0.01,"_runtime":2.9946517,"val precision":0.34382274151859404,"train precision":0.3583485479707593,"train f1_score":0.37369975827070545,"train soft accuracy":0.38891412994093594,"train recall":0.3904250880275165,"val HammingLoss":0.48375,"train hard accuracy":0.00375,"_step":749,"val soft accuracy":0.3935018050541516,"_wandb":{"runtime":2},"CE loss":0.7709880442358191,"val CE loss":0.7759466132790663,"val f1_score":0.3679445912159142,"train HammingLoss":0.4675,"val recall":0.3957064910207291,"epoch":49}