{"val CE loss":0.7908146090596136,"_wandb":{"runtime":5},"epoch":49,"train f1_score":NaN,"train hard accuracy":0.0025,"_step":749,"val recall":0.5241935483870968,"val soft accuracy":0.5234657039711191,"val hard accuracy":0.01,"val HammingLoss":0.49875,"_runtime":5.3141593,"train HammingLoss":0.5090625,"val precision":NaN,"_timestamp":1.7287573132314582e+09,"train soft accuracy":0.502044525215811,"CE loss":0.7871824837516176,"val f1_score":NaN,"train precision":NaN,"train recall":0.5094424460431655}