{"_wandb":{"runtime":54},"val f1_score":0.3744493471051885,"_runtime":54.3336116,"train precision":0.3414663978537738,"val CE loss":0.7231953160477541,"CE loss":0.6950486270248976,"train soft accuracy":0.5229441163107679,"train f1_score":0.4121062098223848,"val hard accuracy":0,"epoch":999,"val soft accuracy":0.4657039711191336,"_step":14999,"val HammingLoss":0.52875,"val recall":0.4605258280035811,"_timestamp":1.7287572018937776e+09,"train HammingLoss":0.50453125,"train hard accuracy":0.005,"train recall":0.5195960453487021,"val precision":0.31548274277769817}