{"_step":4999,"loss":0.24603662108944307,"r2":0.7494524443077928,"_runtime":51.3006505,"mse":0.24603662108944307,"epoch":999,"_wandb":{"runtime":51},"_timestamp":1.728726957856724e+09,"rmse":0.4960207869529694}