{"_timestamp":1.7287281087551708e+09,"rmse":NaN,"_step":2499,"epoch":499,"loss":NaN,"r2":NaN,"_runtime":17.0314109,"mse":NaN,"_wandb":{"runtime":17}}