{"train precision":0.270545766559434,"val f1_score":0.22397244180744338,"_timestamp":1.7287497005262973e+09,"_wandb":{"runtime":13},"train recall":0.23970297728234793,"val precision":0.20720443349753695,"val recall":0.2436933106575964,"epoch":99,"val accuracy":0.6228070175438597,"_runtime":13.1822143,"_step":1099,"train f1_score":0.2541922014237837,"train loss":-0.9976590140085045,"val loss":-0.8565746542629412,"train accuracy":0.5776805251641138}