{"loss":-0.905971785268539,"_runtime":5.7675414,"accuracy":0.6236323851203501,"precision":0.4743413025090631,"f1_score":0.37333671385219547,"epoch":99,"_wandb":{"runtime":5},"_timestamp":1.7286600542434592e+09,"recall":0.3077957552877196,"_step":599}