{"accuracy":0.0350109409190372,"f1_score":0.16236481267259983,"_wandb":{"runtime":1},"_runtime":1.6715088,"precision":0.27809847051792036,"loss":-1.8256540275251902,"_step":599,"recall":0.11465140301741096,"_timestamp":1.7286599909226365e+09,"epoch":99}