{"_step":5999,"f1_score":0.3047531546612946,"recall":0.3005881868474439,"loss":-0.9049528401595294,"_timestamp":1.7286603034859693e+09,"epoch":999,"_wandb":{"runtime":88},"precision":0.3090351642976245,"_runtime":88.7066324,"accuracy":0.6225382932166302}