{"train loss":0.0434085612157467,"train rmse":0.20834721312210225,"_runtime":5.8058399000000005,"train r2":0.9555410803639016,"epoch":99,"val rmse":0.463966162024729,"_wandb":{"runtime":5},"_step":899,"_timestamp":1.728763817455879e+09,"train mse":0.0434085612157467,"val loss":0.21526459950395707,"val mse":0.21526459950395707,"val r2":0.8381752318246494}