{"train HammingLoss":0.54734375,"_step":1499,"val HammingLoss":0.53625,"val hard accuracy":0,"val soft accuracy":0.628158844765343,"epoch":99,"_timestamp":1.728757523788975e+09,"_wandb":{"runtime":1},"train precision":NaN,"val CE loss":0.898941694186907,"train hard accuracy":0,"_runtime":1.660682,"train recall":0.625,"train f1_score":NaN,"val f1_score":NaN,"CE loss":0.9145451972899252,"val precision":NaN,"val recall":0.625,"train soft accuracy":0.6129032258064516}