{"_timestamp":1.7286589375510986e+09,"accuracy":0.4562363238512035,"f1_score":0.20149492554495438,"_runtime":6.8203773,"precision":0.21579893753544033,"_wandb":{"runtime":6},"loss":-1.4100656969458774,"epoch":99,"_step":599,"recall":0.18896928935925936}