{"_wandb":{"runtime":4},"loss":0.37336159095935506,"r2":0.5821253385133589,"mse":0.39241321923090566,"_runtime":4.8409693,"epoch":99,"rmse":0.6264289418847965,"_timestamp":1.7287279633880014e+09,"_step":499}