{"train precision":0.3868410943321405,"_step":7499,"train recall":0.3573911349140139,"CE loss":0.7916383084480533,"val f1_score":0.3411281357072877,"val soft accuracy":0.35687732342007433,"train hard accuracy":0.00625,"train f1_score":0.3715334335219055,"val CE loss":0.7993418532578292,"epoch":499,"val recall":0.354814426083358,"_wandb":{"runtime":25},"_timestamp":1.728760557716907e+09,"val HammingLoss":0.45875,"val precision":0.3284584758879113,"train HammingLoss":0.4534375,"val hard accuracy":0.01,"train soft accuracy":0.3580135440180587,"_runtime":25.9609379}