{"_timestamp":1.7287317880808437e+09,"rmse":0.7689322808912236,"_wandb":{"runtime":675},"_runtime":675.0979359,"_step":499,"r2":0.4077477557668784,"mse":0.5912568525965796,"loss":0.3064606471830872,"epoch":99}