{"val rmse":0.7624100755513218,"_wandb":{"runtime":12},"train r2":-0.22672259597598998,"val loss":0.6382169157829848,"train loss":0.7907740501294804,"_runtime":12.8187264,"train mse":1.1977408209201512,"train rmse":1.094413459767446,"_timestamp":1.7287638355132942e+09,"_step":4499,"val r2":0.5630320018125682,"val mse":0.5812691233021722,"epoch":499}