{"epoch":499,"_timestamp":1.7287636383164804e+09,"val loss":0.9032150289984765,"_wandb":{"runtime":30},"_runtime":30.56732,"_step":4499,"val mse":1.4003001106150736,"val r2":-0.052673041913873675,"train loss":0.6853550201682852,"train mse":0.9723785735486216,"val rmse":1.1833427697058336,"train r2":0.004092749298959419,"train rmse":0.9860925785891614}