{"epoch":49,"_wandb":{"runtime":3},"_runtime":3.0606526,"val mse":0.2108598287704184,"train mse":0.10474848995407511,"val r2":0.101876490819102,"train loss":0.10474848995407511,"val rmse":0.4591947612619491,"_step":449,"_timestamp":1.7287717277143266e+09,"train rmse":0.32364871381495575,"train r2":0.5396658889231626,"val loss":0.2108598287704184}