{"val precision":0.3108628841607565,"val recall":0.2998866213151927,"train loss":-0.0009989499007640337,"train accuracy":1,"train recall":1,"train f1_score":1,"val loss":-2.968520171112415,"_runtime":141.6709935,"_timestamp":1.7287500942479005e+09,"train precision":1,"val accuracy":0.6578947368421053,"val f1_score":0.305276121183651,"epoch":999,"_step":10999,"_wandb":{"runtime":141}}