{"_runtime":73.7023419,"mse":0.04579006586364565,"rmse":0.2139861347462626,"_wandb":{"runtime":73},"r2":0.9533704006081644,"epoch":999,"_timestamp":1.7287270767781088e+09,"_step":4999,"loss":0.04579006586364565}