{"rmse":125.66824202471388,"loss":NaN,"_timestamp":1.7287268885438838e+09,"_step":249,"mse":15792.507053582061,"_wandb":{"runtime":3},"epoch":49,"_runtime":3.8578156999999997,"r2":-16081.053244783017}