{"_step":899,"val mse":1.5130981641987264,"epoch":99,"train r2":-0.05604523829893271,"val r2":-0.13746877197756135,"val rmse":1.2300805519146811,"train loss":0.6991432190373303,"_runtime":1.7080532000000002,"_wandb":{"runtime":1},"train mse":1.0310957789463733,"train rmse":1.015428864542649,"_timestamp":1.7287635358734264e+09,"val loss":0.9332070408431113}