{"f1_score":0.9904639027305977,"_wandb":{"runtime":135},"accuracy":0.9857768052516411,"epoch":999,"loss":-0.037783351830582464,"_runtime":135.031371,"_step":5999,"recall":0.9864459036886046,"precision":0.9945147679324894,"_timestamp":1.7286605465295124e+09}