{"train loss":0.8015296098443471,"epoch":99,"_timestamp":1.728763583913126e+09,"val loss":0.9703370536285781,"val rmse":1.3137235500278117,"_step":899,"val mse":1.7258695658976764,"train mse":1.3023168466292836,"_runtime":1.4734897,"val r2":-0.29741928327212297,"_wandb":{"runtime":1},"train rmse":1.1411909772817534,"train r2":-0.33382905130762386}