{"train accuracy":0.4048140043763676,"_wandb":{"runtime":2},"val precision":0.05847953216374269,"train f1_score":0.14376510698928835,"_step":549,"_runtime":2.9896416,"val loss":-4.866854700082918,"epoch":49,"train recall":0.1728395061728395,"train loss":-4.4596671934156245,"train precision":0.12306378826686182,"val accuracy":0.3508771929824561,"_timestamp":1.7287459418235977e+09,"val recall":0.16666666666666666,"val f1_score":0.08658008658008658}