{"_runtime":0.7794401,"_step":1,"val CE loss":0.7606897810907013,"_wandb":{"runtime":0},"train CE loss":0.7783962129727287,"_timestamp":1.728757388429152e+09}